-0.42548,-1.02548,-1.62548,-2.22548,-2.82548,-3.42548,-4.02548,-4.62548,-5.22548,-5.82548,-6.42548,-7.02548,-7.62548,-8.22548,-8.82548,-9.42548,-10.02548,-10.62548,-11.22548,-11.82548,-12.42548,-13.02548,-13.62548,-14.22548,-14.82548,-15.42548,-16.02548,-16.62548,-17.22548,-17.82548,-18.42548,-19.02548,-19.62548,-20.22548,-20.82548,-21.42548,-22.02548,-22.62548,-23.22548,-23.82548,-24.42548,-25.02548,-25.62548,-26.22548,-26.82548,-27.42548,-28.02548,-28.62548,-29.22548,-29.82548,-30.42548,-31.02548,-31.62548,-32.22548,-32.82548,-33.42548,-34.02548,-34.62548,-35.22548,-35.82548,-36.42548,-37.02548,-37.62548,-38.22548,-38.82548,-39.42548,-40.02548,-40.62548,-41.22548,-41.82548,-42.42548,-43.02548,-43.62548,-44.22548,-44.82548,-45.42548,-46.02548,-46.62548,-47.22548,-47.82548
-0.25101,-0.85101,-1.45101,-2.05101,-2.65101,-3.25101,-3.85101,-4.45101,-5.05101,-5.65101,-6.25101,-6.85101,-7.45101,-8.05101,-8.65101,-9.25101,-9.85101,-10.45101,-11.05101,-11.65101,-12.25101,-12.85101,-13.45101,-14.05101,-14.65101,-15.25101,-15.85101,-16.45101,-17.05101,-17.65101,-18.25101,-18.85101,-19.45101,-20.05101,-20.65101,-21.25101,-21.85101,-22.45101,-23.05101,-23.65101,-24.25101,-24.85101,-25.45101,-26.05101,-26.65101,-27.25101,-27.85101,-28.45101,-29.05101,-29.65101,-30.25101,-30.85101,-31.45101,-32.05101,-32.65101,-33.25101,-33.85101,-34.45101,-35.05101,-35.65101,-36.25101,-36.85101,-37.45101,-38.05101,-38.65101,-39.25101,-39.85101,-40.45101,-41.05101,-41.65101,-42.25101,-42.85101,-43.45101,-44.05101,-44.65101,-45.25101,-45.85101,-46.45101,-47.05101,-47.65101
-0.07664,-0.67664,-1.27664,-1.87664,-2.47664,-3.07664,-3.67664,-4.27664,-4.87664,-5.47664,-6.07664,-6.67664,-7.27664,-7.87664,-8.47664,-9.07664,-9.67664,-10.27664,-10.87664,-11.47664,-12.07664,-12.67664,-13.27664,-13.87664,-14.47664,-15.07664,-15.67664,-16.27664,-16.87664,-17.47664,-18.07664,-18.67664,-19.27664,-19.87664,-20.47664,-21.07664,-21.67664,-22.27664,-22.87664,-23.47664,-24.07664,-24.67664,-25.27664,-25.87664,-26.47664,-27.07664,-27.67664,-28.27664,-28.87664,-29.47664,-30.07664,-30.67664,-31.27664,-31.87664,-32.47664,-33.07664,-33.67664,-34.27664,-34.87664,-35.47664,-36.07664,-36.67664,-37.27664,-37.87664,-38.47664,-39.07664,-39.67664,-40.27664,-40.87664,-41.47664,-42.07664,-42.67664,-43.27664,-43.87664,-44.47664,-45.07664,-45.67664,-46.27664,-46.87664,-47.47664
0.09756,-0.50244,-1.10244,-1.70244,-2.30244,-2.90244,-3.50244,-4.10244,-4.70244,-5.30244,-5.90244,-6.50244,-7.10244,-7.70244,-8.30244,-8.90244,-9.50244,-10.10244,-10.70244,-11.30244,-11.90244,-12.50244,-13.10244,-13.70244,-14.30244,-14.90244,-15.50244,-16.10244,-16.70244,-17.30244,-17.90244,-18.50244,-19.10244,-19.70244,-20.30244,-20.90244,-21.50244,-22.10244,-22.70244,-23.30244,-23.90244,-24.50244,-25.10244,-25.70244,-26.30244,-26.90244,-27.50244,-28.10244,-28.70244,-29.30244,-29.90244,-30.50244,-31.10244,-31.70244,-32.30244,-32.90244,-33.50244,-34.10244,-34.70244,-35.30244,-35.90244,-36.50244,-37.10244,-37.70244,-38.30244,-38.90244,-39.50244,-40.10244,-40.70244,-41.30244,-41.90244,-42.50244,-43.10244,-43.70244,-44.30244,-44.90244,-45.50244,-46.10244,-46.70244,-47.30244
0.27156,-0.32844,-0.92844,-1.52844,-2.12844,-2.72844,-3.32844,-3.92844,-4.52844,-5.12844,-5.72844,-6.32844,-6.92844,-7.52844,-8.12844,-8.72844,-9.32844,-9.92844,-10.52844,-11.12844,-11.72844,-12.32844,-12.92844,-13.52844,-14.12844,-14.72844,-15.32844,-15.92844,-16.52844,-17.12844,-17.72844,-18.32844,-18.92844,-19.52844,-20.12844,-20.72844,-21.32844,-21.92844,-22.52844,-23.12844,-23.72844,-24.32844,-24.92844,-25.52844,-26.12844,-26.72844,-27.32844,-27.92844,-28.52844,-29.12844,-29.72844,-30.32844,-30.92844,-31.52844,-32.12844,-32.72844,-33.32844,-33.92844,-34.52844,-35.12844,-35.72844,-36.32844,-36.92844,-37.52844,-38.12844,-38.72844,-39.32844,-39.92844,-40.52844,-41.12844,-41.72844,-42.32844,-42.92844,-43.52844,-44.12844,-44.72844,-45.32844,-45.92844,-46.52844,-47.12844
0.44528,-0.15472,-0.75472,-1.35472,-1.95472,-2.55472,-3.15472,-3.75472,-4.35472,-4.95472,-5.55472,-6.15472,-6.75472,-7.35472,-7.95472,-8.55472,-9.15472,-9.75472,-10.35472,-10.95472,-11.55472,-12.15472,-12.75472,-13.35472,-13.95472,-14.55472,-15.15472,-15.75472,-16.35472,-16.95472,-17.55472,-18.15472,-18.75472,-19.35472,-19.95472,-20.55472,-21.15472,-21.75472,-22.35472,-22.95472,-23.55472,-24.15472,-24.75472,-25.35472,-25.95472,-26.55472,-27.15472,-27.75472,-28.35472,-28.95472,-29.55472,-30.15472,-30.75472,-31.35472,-31.95472,-32.55472,-33.15472,-33.75472,-34.35472,-34.95472,-35.55472,-36.15472,-36.75472,-37.35472,-37.95472,-38.55472,-39.15472,-39.75472,-40.35472,-40.95472,-41.55472,-42.15472,-42.75472,-43.35472,-43.95472,-44.55472,-45.15472,-45.75472,-46.35472,-46.95472
0.61869,0.01869,-0.58131,-1.18131,-1.78131,-2.38131,-2.98131,-3.58131,-4.18131,-4.78131,-5.38131,-5.98131,-6.58131,-7.18131,-7.78131,-8.38131,-8.98131,-9.58131,-10.18131,-10.78131,-11.38131,-11.98131,-12.58131,-13.18131,-13.78131,-14.38131,-14.98131,-15.58131,-16.18131,-16.78131,-17.38131,-17.98131,-18.58131,-19.18131,-19.78131,-20.38131,-20.98131,-21.58131,-22.18131,-22.78131,-23.38131,-23.98131,-24.58131,-25.18131,-25.78131,-26.38131,-26.98131,-27.58131,-28.18131,-28.78131,-29.38131,-29.98131,-30.58131,-31.18131,-31.78131,-32.38131,-32.98131,-33.58131,-34.18131,-34.78131,-35.38131,-35.98131,-36.58131,-37.18131,-37.78131,-38.38131,-38.98131,-39.58131,-40.18131,-40.78131,-41.38131,-41.98131,-42.58131,-43.18131,-43.78131,-44.38131,-44.98131,-45.58131,-46.18131,-46.78131
0.79173,0.19173,-0.40827,-1.00827,-1.60827,-2.20827,-2.80827,-3.40827,-4.00827,-4.60827,-5.20827,-5.80827,-6.40827,-7.00827,-7.60827,-8.20827,-8.80827,-9.40827,-10.00827,-10.60827,-11.20827,-11.80827,-12.40827,-13.00827,-13.60827,-14.20827,-14.80827,-15.40827,-16.00827,-16.60827,-17.20827,-17.80827,-18.40827,-19.00827,-19.60827,-20.20827,-20.80827,-21.40827,-22.00827,-22.60827,-23.20827,-23.80827,-24.40827,-25.00827,-25.60827,-26.20827,-26.80827,-27.40827,-28.00827,-28.60827,-29.20827,-29.80827,-30.40827,-31.00827,-31.60827,-32.20827,-32.80827,-33.40827,-34.00827,-34.60827,-35.20827,-35.80827,-36.40827,-37.00827,-37.60827,-38.20827,-38.80827,-39.40827,-40.00827,-40.60827,-41.20827,-41.80827,-42.40827,-43.00827,-43.60827,-44.20827,-44.80827,-45.40827,-46.00827,-46.60827
0.96434,0.36434,-0.23566,-0.83566,-1.43566,-2.03566,-2.63566,-3.23566,-3.83566,-4.43566,-5.03566,-5.63566,-6.23566,-6.83566,-7.43566,-8.03566,-8.63566,-9.23566,-9.83566,-10.43566,-11.03566,-11.63566,-12.23566,-12.83566,-13.43566,-14.03566,-14.63566,-15.23566,-15.83566,-16.43566,-17.03566,-17.63566,-18.23566,-18.83566,-19.43566,-20.03566,-20.63566,-21.23566,-21.83566,-22.43566,-23.03566,-23.63566,-24.23566,-24.83566,-25.43566,-26.03566,-26.63566,-27.23566,-27.83566,-28.43566,-29.03566,-29.63566,-30.23566,-30.83566,-31.43566,-32.03566,-32.63566,-33.23566,-33.83566,-34.43566,-35.03566,-35.63566,-36.23566,-36.83566,-37.43566,-38.03566,-38.63566,-39.23566,-39.83566,-40.43566,-41.03566,-41.63566,-42.23566,-42.83566,-43.43566,-44.03566,-44.63566,-45.23566,-45.83566,-46.43566
1.13648,0.53648,-0.06352,-0.66352,-1.26352,-1.86352,-2.46352,-3.06352,-3.66352,-4.26352,-4.86352,-5.46352,-6.06352,-6.66352,-7.26352,-7.86352,-8.46352,-9.06352,-9.66352,-10.26352,-10.86352,-11.46352,-12.06352,-12.66352,-13.26352,-13.86352,-14.46352,-15.06352,-15.66352,-16.26352,-16.86352,-17.46352,-18.06352,-18.66352,-19.26352,-19.86352,-20.46352,-21.06352,-21.66352,-22.26352,-22.86352,-23.46352,-24.06352,-24.66352,-25.26352,-25.86352,-26.46352,-27.06352,-27.66352,-28.26352,-28.86352,-29.46352,-30.06352,-30.66352,-31.26352,-31.86352,-32.46352,-33.06352,-33.66352,-34.26352,-34.86352,-35.46352,-36.06352,-36.66352,-37.26352,-37.86352,-38.46352,-39.06352,-39.66352,-40.26352,-40.86352,-41.46352,-42.06352,-42.66352,-43.26352,-43.86352,-44.46352,-45.06352,-45.66352,-46.26352
1.30809,0.70809,0.10809,-0.49191,-1.09191,-1.69191,-2.29191,-2.89191,-3.49191,-4.09191,-4.69191,-5.29191,-5.89191,-6.49191,-7.09191,-7.69191,-8.29191,-8.89191,-9.49191,-10.09191,-10.69191,-11.29191,-11.89191,-12.49191,-13.09191,-13.69191,-14.29191,-14.89191,-15.49191,-16.09191,-16.69191,-17.29191,-17.89191,-18.49191,-19.09191,-19.69191,-20.29191,-20.89191,-21.49191,-22.09191,-22.69191,-23.29191,-23.89191,-24.49191,-25.09191,-25.69191,-26.29191,-26.89191,-27.49191,-28.09191,-28.69191,-29.29191,-29.89191,-30.49191,-31.09191,-31.69191,-32.29191,-32.89191,-33.49191,-34.09191,-34.69191,-35.29191,-35.89191,-36.49191,-37.09191,-37.69191,-38.29191,-38.89191,-39.49191,-40.09191,-40.69191,-41.29191,-41.89191,-42.49191,-43.09191,-43.69191,-44.29191,-44.89191,-45.49191,-46.09191
1.47912,0.87912,0.27912,-0.32088,-0.92088,-1.52088,-2.12088,-2.72088,-3.32088,-3.92088,-4.52088,-5.12088,-5.72088,-6.32088,-6.92088,-7.52088,-8.12088,-8.72088,-9.32088,-9.92088,-10.52088,-11.12088,-11.72088,-12.32088,-12.92088,-13.52088,-14.12088,-14.72088,-15.32088,-15.92088,-16.52088,-17.12088,-17.72088,-18.32088,-18.92088,-19.52088,-20.12088,-20.72088,-21.32088,-21.92088,-22.52088,-23.12088,-23.72088,-24.32088,-24.92088,-25.52088,-26.12088,-26.72088,-27.32088,-27.92088,-28.52088,-29.12088,-29.72088,-30.32088,-30.92088,-31.52088,-32.12088,-32.72088,-33.32088,-33.92088,-34.52088,-35.12088,-35.72088,-36.32088,-36.92088,-37.52088,-38.12088,-38.72088,-39.32088,-39.92088,-40.52088,-41.12088,-41.72088,-42.32088,-42.92088,-43.52088,-44.12088,-44.72088,-45.32088,-45.92088
1.64951,1.04951,0.44951,-0.15049,-0.75049,-1.35049,-1.95049,-2.55049,-3.15049,-3.75049,-4.35049,-4.95049,-5.55049,-6.15049,-6.75049,-7.35049,-7.95049,-8.55049,-9.15049,-9.75049,-10.35049,-10.95049,-11.55049,-12.15049,-12.75049,-13.35049,-13.95049,-14.55049,-15.15049,-15.75049,-16.35049,-16.95049,-17.55049,-18.15049,-18.75049,-19.35049,-19.95049,-20.55049,-21.15049,-21.75049,-22.35049,-22.95049,-23.55049,-24.15049,-24.75049,-25.35049,-25.95049,-26.55049,-27.15049,-27.75049,-28.35049,-28.95049,-29.55049,-30.15049,-30.75049,-31.35049,-31.95049,-32.55049,-33.15049,-33.75049,-34.35049,-34.95049,-35.55049,-36.15049,-36.75049,-37.35049,-37.95049,-38.55049,-39.15049,-39.75049,-40.35049,-40.95049,-41.55049,-42.15049,-42.75049,-43.35049,-43.95049,-44.55049,-45.15049,-45.75049
1.81922,1.21922,0.61922,0.01922,-0.58078,-1.18078,-1.78078,-2.38078,-2.98078,-3.58078,-4.18078,-4.78078,-5.38078,-5.98078,-6.58078,-7.18078,-7.78078,-8.38078,-8.98078,-9.58078,-10.18078,-10.78078,-11.38078,-11.98078,-12.58078,-13.18078,-13.78078,-14.38078,-14.98078,-15.58078,-16.18078,-16.78078,-17.38078,-17.98078,-18.58078,-19.18078,-19.78078,-20.38078,-20.98078,-21.58078,-22.18078,-22.78078,-23.38078,-23.98078,-24.58078,-25.18078,-25.78078,-26.38078,-26.98078,-27.58078,-28.18078,-28.78078,-29.38078,-29.98078,-30.58078,-31.18078,-31.78078,-32.38078,-32.98078,-33.58078,-34.18078,-34.78078,-35.38078,-35.98078,-36.58078,-37.18078,-37.78078,-38.38078,-38.98078,-39.58078,-40.18078,-40.78078,-41.38078,-41.98078,-42.58078,-43.18078,-43.78078,-44.38078,-44.98078,-45.58078
1.98819,1.38819,0.78819,0.18819,-0.41181,-1.01181,-1.61181,-2.21181,-2.81181,-3.41181,-4.01181,-4.61181,-5.21181,-5.81181,-6.41181,-7.01181,-7.61181,-8.21181,-8.81181,-9.41181,-10.01181,-10.61181,-11.21181,-11.81181,-12.41181,-13.01181,-13.61181,-14.21181,-14.81181,-15.41181,-16.01181,-16.61181,-17.21181,-17.81181,-18.41181,-19.01181,-19.61181,-20.21181,-20.81181,-21.41181,-22.01181,-22.61181,-23.21181,-23.81181,-24.41181,-25.01181,-25.61181,-26.21181,-26.81181,-27.41181,-28.01181,-28.61181,-29.21181,-29.81181,-30.41181,-31.01181,-31.61181,-32.21181,-32.81181,-33.41181,-34.01181,-34.61181,-35.21181,-35.81181,-36.41181,-37.01181,-37.61181,-38.21181,-38.81181,-39.41181,-40.01181,-40.61181,-41.21181,-41.81181,-42.41181,-43.01181,-43.61181,-44.21181,-44.81181,-45.41181
2.15637,1.55637,0.95637,0.35637,-0.24363,-0.84363,-1.44363,-2.04363,-2.64363,-3.24363,-3.84363,-4.44363,-5.04363,-5.64363,-6.24363,-6.84363,-7.44363,-8.04363,-8.64363,-9.24363,-9.84363,-10.44363,-11.04363,-11.64363,-12.24363,-12.84363,-13.44363,-14.04363,-14.64363,-15.24363,-15.84363,-16.44363,-17.04363,-17.64363,-18.24363,-18.84363,-19.44363,-20.04363,-20.64363,-21.24363,-21.84363,-22.44363,-23.04363,-23.64363,-24.24363,-24.84363,-25.44363,-26.04363,-26.64363,-27.24363,-27.84363,-28.44363,-29.04363,-29.64363,-30.24363,-30.84363,-31.44363,-32.04363,-32.64363,-33.24363,-33.84363,-34.44363,-35.04363,-35.64363,-36.24363,-36.84363,-37.44363,-38.04363,-38.64363,-39.24363,-39.84363,-40.44363,-41.04363,-41.64363,-42.24363,-42.84363,-43.44363,-44.04363,-44.64363,-45.24363
2.32372,1.72372,1.12372,0.52372,-0.07628,-0.67628,-1.27628,-1.87628,-2.47628,-3.07628,-3.67628,-4.27628,-4.87628,-5.47628,-6.07628,-6.67628,-7.27628,-7.87628,-8.47628,-9.07628,-9.67628,-10.27628,-10.87628,-11.47628,-12.07628,-12.67628,-13.27628,-13.87628,-14.47628,-15.07628,-15.67628,-16.27628,-16.87628,-17.47628,-18.07628,-18.67628,-19.27628,-19.87628,-20.47628,-21.07628,-21.67628,-22.27628,-22.87628,-23.47628,-24.07628,-24.67628,-25.27628,-25.87628,-26.47628,-27.07628,-27.67628,-28.27628,-28.87628,-29.47628,-30.07628,-30.67628,-31.27628,-31.87628,-32.47628,-33.07628,-33.67628,-34.27628,-34.87628,-35.47628,-36.07628,-36.67628,-37.27628,-37.87628,-38.47628,-39.07628,-39.67628,-40.27628,-40.87628,-41.47628,-42.07628,-42.67628,-43.27628,-43.87628,-44.47628,-45.07628
2.49017,1.89017,1.29017,0.69017,0.09017,-0.50983,-1.10983,-1.70983,-2.30983,-2.90983,-3.50983,-4.10983,-4.70983,-5.30983,-5.90983,-6.50983,-7.10983,-7.70983,-8.30983,-8.90983,-9.50983,-10.10983,-10.70983,-11.30983,-11.90983,-12.50983,-13.10983,-13.70983,-14.30983,-14.90983,-15.50983,-16.10983,-16.70983,-17.30983,-17.90983,-18.50983,-19.10983,-19.70983,-20.30983,-20.90983,-21.50983,-22.10983,-22.70983,-23.30983,-23.90983,-24.50983,-25.10983,-25.70983,-26.30983,-26.90983,-27.50983,-28.10983,-28.70983,-29.30983,-29.90983,-30.50983,-31.10983,-31.70983,-32.30983,-32.90983,-33.50983,-34.10983,-34.70983,-35.30983,-35.90983,-36.50983,-37.10983,-37.70983,-38.30983,-38.90983,-39.50983,-40.10983,-40.70983,-41.30983,-41.90983,-42.50983,-43.10983,-43.70983,-44.30983,-44.90983
2.65568,2.05568,1.45568,0.85568,0.25568,-0.34432,-0.94432,-1.54432,-2.14432,-2.74432,-3.34432,-3.94432,-4.54432,-5.14432,-5.74432,-6.34432,-6.94432,-7.54432,-8.14432,-8.74432,-9.34432,-9.94432,-10.54432,-11.14432,-11.74432,-12.34432,-12.94432,-13.54432,-14.14432,-14.74432,-15.34432,-15.94432,-16.54432,-17.14432,-17.74432,-18.34432,-18.94432,-19.54432,-20.14432,-20.74432,-21.34432,-21.94432,-22.54432,-23.14432,-23.74432,-24.34432,-24.94432,-25.54432,-26.14432,-26.74432,-27.34432,-27.94432,-28.54432,-29.14432,-29.74432,-30.34432,-30.94432,-31.54432,-32.14432,-32.74432,-33.34432,-33.94432,-34.54432,-35.14432,-35.74432,-36.34432,-36.94432,-37.54432,-38.14432,-38.74432,-39.34432,-39.94432,-40.54432,-41.14432,-41.74432,-42.34432,-42.94432,-43.54432,-44.14432,-44.74432
2.8202,2.2202,1.6202,1.0202,0.4202,-0.1798,-0.7798,-1.3798,-1.9798,-2.5798,-3.1798,-3.7798,-4.3798,-4.9798,-5.5798,-6.1798,-6.7798,-7.3798,-7.9798,-8.5798,-9.1798,-9.7798,-10.3798,-10.9798,-11.5798,-12.1798,-12.7798,-13.3798,-13.9798,-14.5798,-15.1798,-15.7798,-16.3798,-16.9798,-17.5798,-18.1798,-18.7798,-19.3798,-19.9798,-20.5798,-21.1798,-21.7798,-22.3798,-22.9798,-23.5798,-24.1798,-24.7798,-25.3798,-25.9798,-26.5798,-27.1798,-27.7798,-28.3798,-28.9798,-29.5798,-30.1798,-30.7798,-31.3798,-31.9798,-32.5798,-33.1798,-33.7798,-34.3798,-34.9798,-35.5798,-36.1798,-36.7798,-37.3798,-37.9798,-38.5798,-39.1798,-39.7798,-40.3798,-40.9798,-41.5798,-42.1798,-42.7798,-43.3798,-43.9798,-44.5798
2.98368,2.38368,1.78368,1.18368,0.58368,-0.01632,-0.61632,-1.21632,-1.81632,-2.41632,-3.01632,-3.61632,-4.21632,-4.81632,-5.41632,-6.01632,-6.61632,-7.21632,-7.81632,-8.41632,-9.01632,-9.61632,-10.21632,-10.81632,-11.41632,-12.01632,-12.61632,-13.21632,-13.81632,-14.41632,-15.01632,-15.61632,-16.21632,-16.81632,-17.41632,-18.01632,-18.61632,-19.21632,-19.81632,-20.41632,-21.01632,-21.61632,-22.21632,-22.81632,-23.41632,-24.01632,-24.61632,-25.21632,-25.81632,-26.41632,-27.01632,-27.61632,-28.21632,-28.81632,-29.41632,-30.01632,-30.61632,-31.21632,-31.81632,-32.41632,-33.01632,-33.61632,-34.21632,-34.81632,-35.41632,-36.01632,-36.61632,-37.21632,-37.81632,-38.41632,-39.01632,-39.61632,-40.21632,-40.81632,-41.41632,-42.01632,-42.61632,-43.21632,-43.81632,-44.41632
3.14607,2.54607,1.94607,1.34607,0.74607,0.14607,-0.45393,-1.05393,-1.65393,-2.25393,-2.85393,-3.45393,-4.05393,-4.65393,-5.25393,-5.85393,-6.45393,-7.05393,-7.65393,-8.25393,-8.85393,-9.45393,-10.05393,-10.65393,-11.25393,-11.85393,-12.45393,-13.05393,-13.65393,-14.25393,-14.85393,-15.45393,-16.05393,-16.65393,-17.25393,-17.85393,-18.45393,-19.05393,-19.65393,-20.25393,-20.85393,-21.45393,-22.05393,-22.65393,-23.25393,-23.85393,-24.45393,-25.05393,-25.65393,-26.25393,-26.85393,-27.45393,-28.05393,-28.65393,-29.25393,-29.85393,-30.45393,-31.05393,-31.65393,-32.25393,-32.85393,-33.45393,-34.05393,-34.65393,-35.25393,-35.85393,-36.45393,-37.05393,-37.65393,-38.25393,-38.85393,-39.45393,-40.05393,-40.65393,-41.25393,-41.85393,-42.45393,-43.05393,-43.65393,-44.25393
3.30731,2.70731,2.10731,1.50731,0.90731,0.30731,-0.29269,-0.89269,-1.49269,-2.09269,-2.69269,-3.29269,-3.89269,-4.49269,-5.09269,-5.69269,-6.29269,-6.89269,-7.49269,-8.09269,-8.69269,-9.29269,-9.89269,-10.49269,-11.09269,-11.69269,-12.29269,-12.89269,-13.49269,-14.09269,-14.69269,-15.29269,-15.89269,-16.49269,-17.09269,-17.69269,-18.29269,-18.89269,-19.49269,-20.09269,-20.69269,-21.29269,-21.89269,-22.49269,-23.09269,-23.69269,-24.29269,-24.89269,-25.49269,-26.09269,-26.69269,-27.29269,-27.89269,-28.49269,-29.09269,-29.69269,-30.29269,-30.89269,-31.49269,-32.09269,-32.69269,-33.29269,-33.89269,-34.49269,-35.09269,-35.69269,-36.29269,-36.89269,-37.49269,-38.09269,-38.69269,-39.29269,-39.89269,-40.49269,-41.09269,-41.69269,-42.29269,-42.89269,-43.49269,-44.09269
3.46737,2.86737,2.26737,1.66737,1.06737,0.46737,-0.13263,-0.73263,-1.33263,-1.93263,-2.53263,-3.13263,-3.73263,-4.33263,-4.93263,-5.53263,-6.13263,-6.73263,-7.33263,-7.93263,-8.53263,-9.13263,-9.73263,-10.33263,-10.93263,-11.53263,-12.13263,-12.73263,-13.33263,-13.93263,-14.53263,-15.13263,-15.73263,-16.33263,-16.93263,-17.53263,-18.13263,-18.73263,-19.33263,-19.93263,-20.53263,-21.13263,-21.73263,-22.33263,-22.93263,-23.53263,-24.13263,-24.73263,-25.33263,-25.93263,-26.53263,-27.13263,-27.73263,-28.33263,-28.93263,-29.53263,-30.13263,-30.73263,-31.33263,-31.93263,-32.53263,-33.13263,-33.73263,-34.33263,-34.93263,-35.53263,-36.13263,-36.73263,-37.33263,-37.93263,-38.53263,-39.13263,-39.73263,-40.33263,-40.93263,-41.53263,-42.13263,-42.73263,-43.33263,-43.93263
3.62618,3.02618,2.42618,1.82618,1.22618,0.62618,0.02618,-0.57382,-1.17382,-1.77382,-2.37382,-2.97382,-3.57382,-4.17382,-4.77382,-5.37382,-5.97382,-6.57382,-7.17382,-7.77382,-8.37382,-8.97382,-9.57382,-10.17382,-10.77382,-11.37382,-11.97382,-12.57382,-13.17382,-13.77382,-14.37382,-14.97382,-15.57382,-16.17382,-16.77382,-17.37382,-17.97382,-18.57382,-19.17382,-19.77382,-20.37382,-20.97382,-21.57382,-22.17382,-22.77382,-23.37382,-23.97382,-24.57382,-25.17382,-25.77382,-26.37382,-26.97382,-27.57382,-28.17382,-28.77382,-29.37382,-29.97382,-30.57382,-31.17382,-31.77382,-32.37382,-32.97382,-33.57382,-34.17382,-34.77382,-35.37382,-35.97382,-36.57382,-37.17382,-37.77382,-38.37382,-38.97382,-39.57382,-40.17382,-40.77382,-41.37382,-41.97382,-42.57382,-43.17382,-43.77382
3.78371,3.18371,2.58371,1.98371,1.38371,0.78371,0.18371,-0.41629,-1.01629,-1.61629,-2.21629,-2.81629,-3.41629,-4.01629,-4.61629,-5.21629,-5.81629,-6.41629,-7.01629,-7.61629,-8.21629,-8.81629,-9.41629,-10.01629,-10.61629,-11.21629,-11.81629,-12.41629,-13.01629,-13.61629,-14.21629,-14.81629,-15.41629,-16.01629,-16.61629,-17.21629,-17.81629,-18.41629,-19.01629,-19.61629,-20.21629,-20.81629,-21.41629,-22.01629,-22.61629,-23.21629,-23.81629,-24.41629,-25.01629,-25.61629,-26.21629,-26.81629,-27.41629,-28.01629,-28.61629,-29.21629,-29.81629,-30.41629,-31.01629,-31.61629,-32.21629,-32.81629,-33.41629,-34.01629,-34.61629,-35.21629,-35.81629,-36.41629,-37.01629,-37.61629,-38.21629,-38.81629,-39.41629,-40.01629,-40.61629,-41.21629,-41.81629,-42.41629,-43.01629,-43.61629
3.9399,3.3399,2.7399,2.1399,1.5399,0.9399,0.3399,-0.2601,-0.8601,-1.4601,-2.0601,-2.6601,-3.2601,-3.8601,-4.4601,-5.0601,-5.6601,-6.2601,-6.8601,-7.4601,-8.0601,-8.6601,-9.2601,-9.8601,-10.4601,-11.0601,-11.6601,-12.2601,-12.8601,-13.4601,-14.0601,-14.6601,-15.2601,-15.8601,-16.4601,-17.0601,-17.6601,-18.2601,-18.8601,-19.4601,-20.0601,-20.6601,-21.2601,-21.8601,-22.4601,-23.0601,-23.6601,-24.2601,-24.8601,-25.4601,-26.0601,-26.6601,-27.2601,-27.8601,-28.4601,-29.0601,-29.6601,-30.2601,-30.8601,-31.4601,-32.0601,-32.6601,-33.2601,-33.8601,-34.4601,-35.0601,-35.6601,-36.2601,-36.8601,-37.4601,-38.0601,-38.6601,-39.2601,-39.8601,-40.4601,-41.0601,-41.6601,-42.2601,-42.8601,-43.4601
4.09472,3.49472,2.89472,2.29472,1.69472,1.09472,0.49472,-0.10528,-0.70528,-1.30528,-1.90528,-2.50528,-3.10528,-3.70528,-4.30528,-4.90528,-5.50528,-6.10528,-6.70528,-7.30528,-7.90528,-8.50528,-9.10528,-9.70528,-10.30528,-10.90528,-11.50528,-12.10528,-12.70528,-13.30528,-13.90528,-14.50528,-15.10528,-15.70528,-16.30528,-16.90528,-17.50528,-18.10528,-18.70528,-19.30528,-19.90528,-20.50528,-21.10528,-21.70528,-22.30528,-22.90528,-23.50528,-24.10528,-24.70528,-25.30528,-25.90528,-26.50528,-27.10528,-27.70528,-28.30528,-28.90528,-29.50528,-30.10528,-30.70528,-31.30528,-31.90528,-32.50528,-33.10528,-33.70528,-34.30528,-34.90528,-35.50528,-36.10528,-36.70528,-37.30528,-37.90528,-38.50528,-39.10528,-39.70528,-40.30528,-40.90528,-41.50528,-42.10528,-42.70528,-43.30528
4.2481,3.6481,3.0481,2.4481,1.8481,1.2481,0.6481,0.0481,-0.5519,-1.1519,-1.7519,-2.3519,-2.9519,-3.5519,-4.1519,-4.7519,-5.3519,-5.9519,-6.5519,-7.1519,-7.7519,-8.3519,-8.9519,-9.5519,-10.1519,-10.7519,-11.3519,-11.9519,-12.5519,-13.1519,-13.7519,-14.3519,-14.9519,-15.5519,-16.1519,-16.7519,-17.3519,-17.9519,-18.5519,-19.1519,-19.7519,-20.3519,-20.9519,-21.5519,-22.1519,-22.7519,-23.3519,-23.9519,-24.5519,-25.1519,-25.7519,-26.3519,-26.9519,-27.5519,-28.1519,-28.7519,-29.3519,-29.9519,-30.5519,-31.1519,-31.7519,-32.3519,-32.9519,-33.5519,-34.1519,-34.7519,-35.3519,-35.9519,-36.5519,-37.1519,-37.7519,-38.3519,-38.9519,-39.5519,-40.1519,-40.7519,-41.3519,-41.9519,-42.5519,-43.1519
4.4,3.8,3.2,2.6,2.0,1.4,0.8,0.2,-0.4,-1.0,-1.6,-2.2,-2.8,-3.4,-4.0,-4.6,-5.2,-5.8,-6.4,-7.0,-7.6,-8.2,-8.8,-9.4,-10.0,-10.6,-11.2,-11.8,-12.4,-13.0,-13.6,-14.2,-14.8,-15.4,-16.0,-16.6,-17.2,-17.8,-18.4,-19.0,-19.6,-20.2,-20.8,-21.4,-22.0,-22.6,-23.2,-23.8,-24.4,-25.0,-25.6,-26.2,-26.8,-27.4,-28.0,-28.6,-29.2,-29.8,-30.4,-31.0,-31.6,-32.2,-32.8,-33.4,-34.0,-34.6,-35.2,-35.8,-36.4,-37.0,-37.6,-38.2,-38.8,-39.4,-40.0,-40.6,-41.2,-41.8,-42.4,-43.0
4.55038,3.95038,3.35038,2.75038,2.15038,1.55038,0.95038,0.35038,-0.24962,-0.84962,-1.44962,-2.04962,-2.64962,-3.24962,-3.84962,-4.44962,-5.04962,-5.64962,-6.24962,-6.84962,-7.44962,-8.04962,-8.64962,-9.24962,-9.84962,-10.44962,-11.04962,-11.64962,-12.24962,-12.84962,-13.44962,-14.04962,-14.64962,-15.24962,-15.84962,-16.44962,-17.04962,-17.64962,-18.24962,-18.84962,-19.44962,-20.04962,-20.64962,-21.24962,-21.84962,-22.44962,-23.04962,-23.64962,-24.24962,-24.84962,-25.44962,-26.04962,-26.64962,-27.24962,-27.84962,-28.44962,-29.04962,-29.64962,-30.24962,-30.84962,-31.44962,-32.04962,-32.64962,-33.24962,-33.84962,-34.44962,-35.04962,-35.64962,-36.24962,-36.84962,-37.44962,-38.04962,-38.64962,-39.24962,-39.84962,-40.44962,-41.04962,-41.64962,-42.24962,-42.84962
4.69919,4.09919,3.49919,2.89919,2.29919,1.69919,1.09919,0.49919,-0.10081,-0.70081,-1.30081,-1.90081,-2.50081,-3.10081,-3.70081,-4.30081,-4.90081,-5.50081,-6.10081,-6.70081,-7.30081,-7.90081,-8.50081,-9.10081,-9.70081,-10.30081,-10.90081,-11.50081,-12.10081,-12.70081,-13.30081,-13.90081,-14.50081,-15.10081,-15.70081,-16.30081,-16.90081,-17.50081,-18.10081,-18.70081,-19.30081,-19.90081,-20.50081,-21.10081,-21.70081,-22.30081,-22.90081,-23.50081,-24.10081,-24.70081,-25.30081,-25.90081,-26.50081,-27.10081,-27.70081,-28.30081,-28.90081,-29.50081,-30.10081,-30.70081,-31.30081,-31.90081,-32.50081,-33.10081,-33.70081,-34.30081,-34.90081,-35.50081,-36.10081,-36.70081,-37.30081,-37.90081,-38.50081,-39.10081,-39.70081,-40.30081,-40.90081,-41.50081,-42.10081,-42.70081
4.84639,4.24639,3.64639,3.04639,2.44639,1.84639,1.24639,0.64639,0.04639,-0.55361,-1.15361,-1.75361,-2.35361,-2.95361,-3.55361,-4.15361,-4.75361,-5.35361,-5.95361,-6.55361,-7.15361,-7.75361,-8.35361,-8.95361,-9.55361,-10.15361,-10.75361,-11.35361,-11.95361,-12.55361,-13.15361,-13.75361,-14.35361,-14.95361,-15.55361,-16.15361,-16.75361,-17.35361,-17.95361,-18.55361,-19.15361,-19.75361,-20.35361,-20.95361,-21.55361,-22.15361,-22.75361,-23.35361,-23.95361,-24.55361,-25.15361,-25.75361,-26.35361,-26.95361,-27.55361,-28.15361,-28.75361,-29.35361,-29.95361,-30.55361,-31.15361,-31.75361,-32.35361,-32.95361,-33.55361,-34.15361,-34.75361,-35.35361,-35.95361,-36.55361,-37.15361,-37.75361,-38.35361,-38.95361,-39.55361,-40.15361,-40.75361,-41.35361,-41.95361,-42.55361
4.99193,4.39193,3.79193,3.19193,2.59193,1.99193,1.39193,0.79193,0.19193,-0.40807,-1.00807,-1.60807,-2.20807,-2.80807,-3.40807,-4.00807,-4.60807,-5.20807,-5.80807,-6.40807,-7.00807,-7.60807,-8.20807,-8.80807,-9.40807,-10.00807,-10.60807,-11.20807,-11.80807,-12.40807,-13.00807,-13.60807,-14.20807,-14.80807,-15.40807,-16.00807,-16.60807,-17.20807,-17.80807,-18.40807,-19.00807,-19.60807,-20.20807,-20.80807,-21.40807,-22.00807,-22.60807,-23.20807,-23.80807,-24.40807,-25.00807,-25.60807,-26.20807,-26.80807,-27.40807,-28.00807,-28.60807,-29.20807,-29.80807,-30.40807,-31.00807,-31.60807,-32.20807,-32.80807,-33.40807,-34.00807,-34.60807,-35.20807,-35.80807,-36.40807,-37.00807,-37.60807,-38.20807,-38.80807,-39.40807,-40.00807,-40.60807,-41.20807,-41.80807,-42.40807
5.13576,4.53576,3.93576,3.33576,2.73576,2.13576,1.53576,0.93576,0.33576,-0.26424,-0.86424,-1.46424,-2.06424,-2.66424,-3.26424,-3.86424,-4.46424,-5.06424,-5.66424,-6.26424,-6.86424,-7.46424,-8.06424,-8.66424,-9.26424,-9.86424,-10.46424,-11.06424,-11.66424,-12.26424,-12.86424,-13.46424,-14.06424,-14.66424,-15.26424,-15.86424,-16.46424,-17.06424,-17.66424,-18.26424,-18.86424,-19.46424,-20.06424,-20.66424,-21.26424,-21.86424,-22.46424,-23.06424,-23.66424,-24.26424,-24.86424,-25.46424,-26.06424,-26.66424,-27.26424,-27.86424,-28.46424,-29.06424,-29.66424,-30.26424,-30.86424,-31.46424,-32.06424,-32.66424,-33.26424,-33.86424,-34.46424,-35.06424,-35.66424,-36.26424,-36.86424,-37.46424,-38.06424,-38.66424,-39.26424,-39.86424,-40.46424,-41.06424,-41.66424,-42.26424
5.27785,4.67785,4.07785,3.47785,2.87785,2.27785,1.67785,1.07785,0.47785,-0.12215,-0.72215,-1.32215,-1.92215,-2.52215,-3.12215,-3.72215,-4.32215,-4.92215,-5.52215,-6.12215,-6.72215,-7.32215,-7.92215,-8.52215,-9.12215,-9.72215,-10.32215,-10.92215,-11.52215,-12.12215,-12.72215,-13.32215,-13.92215,-14.52215,-15.12215,-15.72215,-16.32215,-16.92215,-17.52215,-18.12215,-18.72215,-19.32215,-19.92215,-20.52215,-21.12215,-21.72215,-22.32215,-22.92215,-23.52215,-24.12215,-24.72215,-25.32215,-25.92215,-26.52215,-27.12215,-27.72215,-28.32215,-28.92215,-29.52215,-30.12215,-30.72215,-31.32215,-31.92215,-32.52215,-33.12215,-33.72215,-34.32215,-34.92215,-35.52215,-36.12215,-36.72215,-37.32215,-37.92215,-38.52215,-39.12215,-39.72215,-40.32215,-40.92215,-41.52215,-42.12215
5.41815,4.81815,4.21815,3.61815,3.01815,2.41815,1.81815,1.21815,0.61815,0.01815,-0.58185,-1.18185,-1.78185,-2.38185,-2.98185,-3.58185,-4.18185,-4.78185,-5.38185,-5.98185,-6.58185,-7.18185,-7.78185,-8.38185,-8.98185,-9.58185,-10.18185,-10.78185,-11.38185,-11.98185,-12.58185,-13.18185,-13.78185,-14.38185,-14.98185,-15.58185,-16.18185,-16.78185,-17.38185,-17.98185,-18.58185,-19.18185,-19.78185,-20.38185,-20.98185,-21.58185,-22.18185,-22.78185,-23.38185,-23.98185,-24.58185,-25.18185,-25.78185,-26.38185,-26.98185,-27.58185,-28.18185,-28.78185,-29.38185,-29.98185,-30.58185,-31.18185,-31.78185,-32.38185,-32.98185,-33.58185,-34.18185,-34.78185,-35.38185,-35.98185,-36.58185,-37.18185,-37.78185,-38.38185,-38.98185,-39.58185,-40.18185,-40.78185,-41.38185,-41.98185
5.55661,4.95661,4.35661,3.75661,3.15661,2.55661,1.95661,1.35661,0.75661,0.15661,-0.44339,-1.04339,-1.64339,-2.24339,-2.84339,-3.44339,-4.04339,-4.64339,-5.24339,-5.84339,-6.44339,-7.04339,-7.64339,-8.24339,-8.84339,-9.44339,-10.04339,-10.64339,-11.24339,-11.84339,-12.44339,-13.04339,-13.64339,-14.24339,-14.84339,-15.44339,-16.04339,-16.64339,-17.24339,-17.84339,-18.44339,-19.04339,-19.64339,-20.24339,-20.84339,-21.44339,-22.04339,-22.64339,-23.24339,-23.84339,-24.44339,-25.04339,-25.64339,-26.24339,-26.84339,-27.44339,-28.04339,-28.64339,-29.24339,-29.84339,-30.44339,-31.04339,-31.64339,-32.24339,-32.84339,-33.44339,-34.04339,-34.64339,-35.24339,-35.84339,-36.44339,-37.04339,-37.64339,-38.24339,-38.84339,-39.44339,-40.04339,-40.64339,-41.24339,-41.84339
5.6932,5.0932,4.4932,3.8932,3.2932,2.6932,2.0932,1.4932,0.8932,0.2932,-0.3068,-0.9068,-1.5068,-2.1068,-2.7068,-3.3068,-3.9068,-4.5068,-5.1068,-5.7068,-6.3068,-6.9068,-7.5068,-8.1068,-8.7068,-9.3068,-9.9068,-10.5068,-11.1068,-11.7068,-12.3068,-12.9068,-13.5068,-14.1068,-14.7068,-15.3068,-15.9068,-16.5068,-17.1068,-17.7068,-18.3068,-18.9068,-19.5068,-20.1068,-20.7068,-21.3068,-21.9068,-22.5068,-23.1068,-23.7068,-24.3068,-24.9068,-25.5068,-26.1068,-26.7068,-27.3068,-27.9068,-28.5068,-29.1068,-29.7068,-30.3068,-30.9068,-31.5068,-32.1068,-32.7068,-33.3068,-33.9068,-34.5068,-35.1068,-35.7068,-36.3068,-36.9068,-37.5068,-38.1068,-38.7068,-39.3068,-39.9068,-40.5068,-41.1068,-41.7068
5.82788,5.22788,4.62788,4.02788,3.42788,2.82788,2.22788,1.62788,1.02788,0.42788,-0.17212,-0.77212,-1.37212,-1.97212,-2.57212,-3.17212,-3.77212,-4.37212,-4.97212,-5.57212,-6.17212,-6.77212,-7.37212,-7.97212,-8.57212,-9.17212,-9.77212,-10.37212,-10.97212,-11.57212,-12.17212,-12.77212,-13.37212,-13.97212,-14.57212,-15.17212,-15.77212,-16.37212,-16.97212,-17.57212,-18.17212,-18.77212,-19.37212,-19.97212,-20.57212,-21.17212,-21.77212,-22.37212,-22.97212,-23.57212,-24.17212,-24.77212,-25.37212,-25.97212,-26.57212,-27.17212,-27.77212,-28.37212,-28.97212,-29.57212,-30.17212,-30.77212,-31.37212,-31.97212,-32.57212,-33.17212,-33.77212,-34.37212,-34.97212,-35.57212,-36.17212,-36.77212,-37.37212,-37.97212,-38.57212,-39.17212,-39.77212,-40.37212,-40.97212,-41.57212
5.96059,5.36059,4.76059,4.16059,3.56059,2.96059,2.36059,1.76059,1.16059,0.56059,-0.03941,-0.63941,-1.23941,-1.83941,-2.43941,-3.03941,-3.63941,-4.23941,-4.83941,-5.43941,-6.03941,-6.63941,-7.23941,-7.83941,-8.43941,-9.03941,-9.63941,-10.23941,-10.83941,-11.43941,-12.03941,-12.63941,-13.23941,-13.83941,-14.43941,-15.03941,-15.63941,-16.23941,-16.83941,-17.43941,-18.03941,-18.63941,-19.23941,-19.83941,-20.43941,-21.03941,-21.63941,-22.23941,-22.83941,-23.43941,-24.03941,-24.63941,-25.23941,-25.83941,-26.43941,-27.03941,-27.63941,-28.23941,-28.83941,-29.43941,-30.03941,-30.63941,-31.23941,-31.83941,-32.43941,-33.03941,-33.63941,-34.23941,-34.83941,-35.43941,-36.03941,-36.63941,-37.23941,-37.83941,-38.43941,-39.03941,-39.63941,-40.23941,-40.83941,-41.43941
6.09131,5.49131,4.89131,4.29131,3.69131,3.09131,2.49131,1.89131,1.29131,0.69131,0.09131,-0.50869,-1.10869,-1.70869,-2.30869,-2.90869,-3.50869,-4.10869,-4.70869,-5.30869,-5.90869,-6.50869,-7.10869,-7.70869,-8.30869,-8.90869,-9.50869,-10.10869,-10.70869,-11.30869,-11.90869,-12.50869,-13.10869,-13.70869,-14.30869,-14.90869,-15.50869,-16.10869,-16.70869,-17.30869,-17.90869,-18.50869,-19.10869,-19.70869,-20.30869,-20.90869,-21.50869,-22.10869,-22.70869,-23.30869,-23.90869,-24.50869,-25.10869,-25.70869,-26.30869,-26.90869,-27.50869,-28.10869,-28.70869,-29.30869,-29.90869,-30.50869,-31.10869,-31.70869,-32.30869,-32.90869,-33.50869,-34.10869,-34.70869,-35.30869,-35.90869,-36.50869,-37.10869,-37.70869,-38.30869,-38.90869,-39.50869,-40.10869,-40.70869,-41.30869
6.21998,5.61998,5.01998,4.41998,3.81998,3.21998,2.61998,2.01998,1.41998,0.81998,0.21998,-0.38002,-0.98002,-1.58002,-2.18002,-2.78002,-3.38002,-3.98002,-4.58002,-5.18002,-5.78002,-6.38002,-6.98002,-7.58002,-8.18002,-8.78002,-9.38002,-9.98002,-10.58002,-11.18002,-11.78002,-12.38002,-12.98002,-13.58002,-14.18002,-14.78002,-15.38002,-15.98002,-16.58002,-17.18002,-17.78002,-18.38002,-18.98002,-19.58002,-20.18002,-20.78002,-21.38002,-21.98002,-22.58002,-23.18002,-23.78002,-24.38002,-24.98002,-25.58002,-26.18002,-26.78002,-27.38002,-27.98002,-28.58002,-29.18002,-29.78002,-30.38002,-30.98002,-31.58002,-32.18002,-32.78002,-33.38002,-33.98002,-34.58002,-35.18002,-35.78002,-36.38002,-36.98002,-37.58002,-38.18002,-38.78002,-39.38002,-39.98002,-40.58002,-41.18002
6.34658,5.74658,5.14658,4.54658,3.94658,3.34658,2.74658,2.14658,1.54658,0.94658,0.34658,-0.25342,-0.85342,-1.45342,-2.05342,-2.65342,-3.25342,-3.85342,-4.45342,-5.05342,-5.65342,-6.25342,-6.85342,-7.45342,-8.05342,-8.65342,-9.25342,-9.85342,-10.45342,-11.05342,-11.65342,-12.25342,-12.85342,-13.45342,-14.05342,-14.65342,-15.25342,-15.85342,-16.45342,-17.05342,-17.65342,-18.25342,-18.85342,-19.45342,-20.05342,-20.65342,-21.25342,-21.85342,-22.45342,-23.05342,-23.65342,-24.25342,-24.85342,-25.45342,-26.05342,-26.65342,-27.25342,-27.85342,-28.45342,-29.05342,-29.65342,-30.25342,-30.85342,-31.45342,-32.05342,-32.65342,-33.25342,-33.85342,-34.45342,-35.05342,-35.65342,-36.25342,-36.85342,-37.45342,-38.05342,-38.65342,-39.25342,-39.85342,-40.45342,-41.05342
6.47107,5.87107,5.27107,4.67107,4.07107,3.47107,2.87107,2.27107,1.67107,1.07107,0.47107,-0.12893,-0.72893,-1.32893,-1.92893,-2.52893,-3.12893,-3.72893,-4.32893,-4.92893,-5.52893,-6.12893,-6.72893,-7.32893,-7.92893,-8.52893,-9.12893,-9.72893,-10.32893,-10.92893,-11.52893,-12.12893,-12.72893,-13.32893,-13.92893,-14.52893,-15.12893,-15.72893,-16.32893,-16.92893,-17.52893,-18.12893,-18.72893,-19.32893,-19.92893,-20.52893,-21.12893,-21.72893,-22.32893,-22.92893,-23.52893,-24.12893,-24.72893,-25.32893,-25.92893,-26.52893,-27.12893,-27.72893,-28.32893,-28.92893,-29.52893,-30.12893,-30.72893,-31.32893,-31.92893,-32.52893,-33.12893,-33.72893,-34.32893,-34.92893,-35.52893,-36.12893,-36.72893,-37.32893,-37.92893,-38.52893,-39.12893,-39.72893,-40.32893,-40.92893
6.5934,5.9934,5.3934,4.7934,4.1934,3.5934,2.9934,2.3934,1.7934,1.1934,0.5934,-0.0066,-0.6066,-1.2066,-1.8066,-2.4066,-3.0066,-3.6066,-4.2066,-4.8066,-5.4066,-6.0066,-6.6066,-7.2066,-7.8066,-8.4066,-9.0066,-9.6066,-10.2066,-10.8066,-11.4066,-12.0066,-12.6066,-13.2066,-13.8066,-14.4066,-15.0066,-15.6066,-16.2066,-16.8066,-17.4066,-18.0066,-18.6066,-19.2066,-19.8066,-20.4066,-21.0066,-21.6066,-22.2066,-22.8066,-23.4066,-24.0066,-24.6066,-25.2066,-25.8066,-26.4066,-27.0066,-27.6066,-28.2066,-28.8066,-29.4066,-30.0066,-30.6066,-31.2066,-31.8066,-32.4066,-33.0066,-33.6066,-34.2066,-34.8066,-35.4066,-36.0066,-36.6066,-37.2066,-37.8066,-38.4066,-39.0066,-39.6066,-40.2066,-40.8066
6.71354,6.11354,5.51354,4.91354,4.31354,3.71354,3.11354,2.51354,1.91354,1.31354,0.71354,0.11354,-0.48646,-1.08646,-1.68646,-2.28646,-2.88646,-3.48646,-4.08646,-4.68646,-5.28646,-5.88646,-6.48646,-7.08646,-7.68646,-8.28646,-8.88646,-9.48646,-10.08646,-10.68646,-11.28646,-11.88646,-12.48646,-13.08646,-13.68646,-14.28646,-14.88646,-15.48646,-16.08646,-16.68646,-17.28646,-17.88646,-18.48646,-19.08646,-19.68646,-20.28646,-20.88646,-21.48646,-22.08646,-22.68646,-23.28646,-23.88646,-24.48646,-25.08646,-25.68646,-26.28646,-26.88646,-27.48646,-28.08646,-28.68646,-29.28646,-29.88646,-30.48646,-31.08646,-31.68646,-32.28646,-32.88646,-33.48646,-34.08646,-34.68646,-35.28646,-35.88646,-36.48646,-37.08646,-37.68646,-38.28646,-38.88646,-39.48646,-40.08646,-40.68646
6.83145,6.23145,5.63145,5.03145,4.43145,3.83145,3.23145,2.63145,2.03145,1.43145,0.83145,0.23145,-0.36855,-0.96855,-1.56855,-2.16855,-2.76855,-3.36855,-3.96855,-4.56855,-5.16855,-5.76855,-6.36855,-6.96855,-7.56855,-8.16855,-8.76855,-9.36855,-9.96855,-10.56855,-11.16855,-11.76855,-12.36855,-12.96855,-13.56855,-14.16855,-14.76855,-15.36855,-15.96855,-16.56855,-17.16855,-17.76855,-18.36855,-18.96855,-19.56855,-20.16855,-20.76855,-21.36855,-21.96855,-22.56855,-23.16855,-23.76855,-24.36855,-24.96855,-25.56855,-26.16855,-26.76855,-27.36855,-27.96855,-28.56855,-29.16855,-29.76855,-30.36855,-30.96855,-31.56855,-32.16855,-32.76855,-33.36855,-33.96855,-34.56855,-35.16855,-35.76855,-36.36855,-36.96855,-37.56855,-38.16855,-38.76855,-39.36855,-39.96855,-40.56855
6.9471,6.3471,5.7471,5.1471,4.5471,3.9471,3.3471,2.7471,2.1471,1.5471,0.9471,0.3471,-0.2529,-0.8529,-1.4529,-2.0529,-2.6529,-3.2529,-3.8529,-4.4529,-5.0529,-5.6529,-6.2529,-6.8529,-7.4529,-8.0529,-8.6529,-9.2529,-9.8529,-10.4529,-11.0529,-11.6529,-12.2529,-12.8529,-13.4529,-14.0529,-14.6529,-15.2529,-15.8529,-16.4529,-17.0529,-17.6529,-18.2529,-18.8529,-19.4529,-20.0529,-20.6529,-21.2529,-21.8529,-22.4529,-23.0529,-23.6529,-24.2529,-24.8529,-25.4529,-26.0529,-26.6529,-27.2529,-27.8529,-28.4529,-29.0529,-29.6529,-30.2529,-30.8529,-31.4529,-32.0529,-32.6529,-33.2529,-33.8529,-34.4529,-35.0529,-35.6529,-36.2529,-36.8529,-37.4529,-38.0529,-38.6529,-39.2529,-39.8529,-40.4529
7.06044,6.46044,5.86044,5.26044,4.66044,4.06044,3.46044,2.86044,2.26044,1.66044,1.06044,0.46044,-0.13956,-0.73956,-1.33956,-1.93956,-2.53956,-3.13956,-3.73956,-4.33956,-4.93956,-5.53956,-6.13956,-6.73956,-7.33956,-7.93956,-8.53956,-9.13956,-9.73956,-10.33956,-10.93956,-11.53956,-12.13956,-12.73956,-13.33956,-13.93956,-14.53956,-15.13956,-15.73956,-16.33956,-16.93956,-17.53956,-18.13956,-18.73956,-19.33956,-19.93956,-20.53956,-21.13956,-21.73956,-22.33956,-22.93956,-23.53956,-24.13956,-24.73956,-25.33956,-25.93956,-26.53956,-27.13956,-27.73956,-28.33956,-28.93956,-29.53956,-30.13956,-30.73956,-31.33956,-31.93956,-32.53956,-33.13956,-33.73956,-34.33956,-34.93956,-35.53956,-36.13956,-36.73956,-37.33956,-37.93956,-38.53956,-39.13956,-39.73956,-40.33956
